name,price,brand,model,ref,yop,sex,size
Audemars Piguet Royal Oak Offshore Chronograph '25th Anniversary',43500,Audemars Piguet,Royal Oak Offshore Chronograph,26237ST.OO.1000ST.01,2019,Men's watch/Unisex,42
Audemars Piguet Royal Oak Selfwinding 39mm Blue Dial,71500,Audemars Piguet,Royal Oak Selfwinding,15300ST.OO.1220ST.02,2012,Men's watch/Unisex,39
Audemars Piguet Royal Oak Chronograph Selfwinding Chronograph Blue Dial,108000,Audemars Piguet,Royal Oak Chronograph,26715ST.OO.1356ST.01,2022 (Approximation),Men's watch/Unisex,38
Audemars Piguet Royal Oak Offshore Chronograph Cronografo 42mm Panda Dial 26170STOO1000ST01,27500,Audemars Piguet,Royal Oak Offshore Chronograph,26170ST.OO.1000ST.01,Unknown,Men's watch/Unisex,42x54
Audemars Piguet Royal Oak Offshore Diver 2018 Unworn Royal Oak Offshore Diver (Limit 200pics),41000,Audemars Piguet,Royal Oak Offshore Diver,15710ST.OO.A051CA.01,2018 (Approximation),Men's watch/Unisex,42
Audemars Piguet Royal Oak Offshore Diver Chronograph 26703ST.OO.A051CA.01,43500,Audemars Piguet,Royal Oak Offshore Diver Chronograph,26703ST.OO.A051CA.01,2016 (Approximation),Men's watch/Unisex,42
Audemars Piguet Royal Oak Offshore Chronograph 26470IO.OO.A006CA.01,37800,Audemars Piguet,Royal Oak Offshore Chronograph,26470IO.OO.A006CA.01,2019,Men's watch/Unisex,42
Audemars Piguet Royal Oak Dual Time 26120ST.OO.1220ST.03,32182,Audemars Piguet,Royal Oak Dual Time,26120ST.OO.1220ST.03,2015,Men's watch/Unisex,39
Audemars Piguet Royal Oak Offshore Chronograph 26401.RO.OO.A002.CA.01,36473,Audemars Piguet,Royal Oak Offshore Chronograph,26401.RO.OO.A002.CA.01,2016,Men's watch/Unisex,44
Audemars Piguet Royal Oak Offshore Chronograph 2021FullSet Royal Oak Offshore Chronograph,35000,Audemars Piguet,Royal Oak Offshore Chronograph,26470ST.OO.A099CR.01,Unknown,Men's watch/Unisex,42
Cartier Santos  Large 2023,6250,Cartier,Santos,WSSA0018,2023,Men's watch/Unisex,39.8x47.5
Tudor Black Bay Fifty-Eight (チューダー) ブラック ベイ フィフティーエイト 保証期間中(2022.03),2775,Tudor,Black Bay Fifty-Eight,M79030N-0001,Unknown,Men's watch/Unisex,39
Cartier Santos ADLC Steel,6500,Cartier,Santos,WSSA0039,2021,Men's watch/Unisex,39.8
Cartier Santos Large Stahl 2021 - WSSA0037,7449,Cartier,Santos,WSSA0037,2023,Men's watch/Unisex,39.8
Cartier Santos 良品 CARTIER カルティエ サントス ドゥ カルティエ LM デイト WSSA0009 自動巻き メンズ_715166 中古,5215,Cartier,Santos,WSSA0009,Unknown,Men's watch/Unisex,37
Tudor Prince Date チュードル プリンスデイト クロノタイム 79280 SS/SS 自動巻き メンズ レッド 430 2148103549557,6151,Tudor,Prince Date,79280,2005,Men's watch/Unisex,40
Tudor Black Bay 79230N,3901,Tudor,Black Bay,79230N,2023,Men's watch/Unisex,41
Cartier Pasha C Gmt pink logo dial,3271,Cartier,Pasha C,2377,Unknown,Men's watch/Unisex,35
Tudor Prince Date 79280P メンズ,3612,Tudor,Prince Date,79280P,Unknown,Men's watch/Unisex,40
Tudor Prince Date 79260,6140,Tudor,Prince Date,79260,2002,Men's watch/Unisex,40
Tudor Black Bay Chrono 2021,5624,Tudor,Black Bay Chrono,M79360N,2021,Men's watch/Unisex,41
Tudor Prince Date 79260P,6397,Tudor,Prince Date,79260P,Unknown,Men's watch/Unisex,40
Tudor Black Bay GMT M79830RB,4533,Tudor,Black Bay GMT,M79830RB,2023,Men's watch/Unisex,41
Cartier Santos De Santos | 2022 | Medium model White Silver Bracelet,7295,Cartier,Santos,WSSA0029,2022,Men's watch/Unisex,35.1x41.9
Tudor Black Bay Chrono 2022 Heritage Black Bay Chrono 41mm Black Dial Stainless Steel 79360N,4399,Tudor,Black Bay Chrono,79360N,Unknown,Men's watch/Unisex,41
Breitling Endurance Pro Professional,3266,Breitling,Endurance Pro,X82310D31B1S1,2023,Men's watch/Unisex,44
Breitling Aviator 8 Classic AVI,4059,Breitling,Aviator 8,A45330101C1X4,2023,Men's watch/Unisex,41
Breitling Superocean A17375211I1S1,4289,Breitling,Superocean,A17375211I1S1,2023,Men's watch/Unisex,42
Breitling Superocean 36  Automatic 36,4577,Breitling,Superocean 36,A17377211A1S1,2023,Men's watch/Unisex,36
Breitling Navitimer A17326241B1P2,4715,Breitling,Navitimer,A17326241B1P2,2023,Men's watch/Unisex,41
Breitling Superocean Heritage II 46 AB2020121L1S1,4956,Breitling,Superocean Heritage II 46,AB2020121L1S1,2023,Men's watch/Unisex,46
Breitling Superocean Heritage II 46 AB2020121L1A1,5233,Breitling,Superocean Heritage II 46,AB2020121L1A1,2023,Men's watch/Unisex,46
Breitling Chronomat A32398101B1A1,5566,Breitling,Chronomat,A32398101B1A1,2023,Men's watch/Unisex,40
Breitling Chronomat A32398101C1A1,5566,Breitling,Chronomat,A32398101C1A1,2023,Men's watch/Unisex,40
Breitling Superocean Heritage A13313121L1A1,6130,Breitling,Superocean Heritage,A13313121L1A1,2023,Men's watch/Unisex,44
Oris Aquis Date 01 733 7730 4157-07 8 24 05peb,2011,Oris,Aquis Date,01 733 7730 4157-07 8 24 05PEB,2023,Men's watch/Unisex,43.5
Oris Aquis 01 733 7766 4135-07 8 22 05PEB - Aquis Automatic Blue Dial Stainless Steel Men's Watch,2297,Oris,Aquis,01 733 7766 4135-07 8 22 05PEB,Unknown,Men's watch/Unisex,41.5
Oris ProPilot X Calibre 400 Titanium Automatic 39 mm,4198,Oris,ProPilot X,01 400 7778 7155-07 7 20 01TLC,Unknown,Men's watch/Unisex,39
Oris Aquis Date Calibre 400,2750,Oris,Aquis Date,01 400 7769 4157-07 8 22 09PEB,2021,Men's watch/Unisex,41.5
"Oris Aquis Date new aquis date 36,5 mm 01 733 7770 4150-set",2050,Oris,Aquis Date,01 733 7770 4150-Set,2023,Men's watch/Unisex,36.5
Oris ProPilot X big crown propilot x calibre 115 01 115 7759 7153-set7 22 01tlc,6844,Oris,ProPilot X,01 115 7759 7153-Set7 22 01TLC,2023,Men's watch/Unisex,44
Oris Divers Sixty Five Blue Dial 42mm MINT Box & Papers,1599,Oris,Divers Sixty Five,01 733 7720 4055-07 8 21 18,2021,Men's watch/Unisex,42
Oris Artelier Calibre 111 Silver Dial,3990,Oris,Artelier Calibre 111,01 111 7700 4061-Set 1 23 71FC,2018 (Approximation),Men's watch/Unisex,43
Oris ProPilot X Calibre 400 Titanium Automatic 39 mm,4198,Oris,ProPilot X,01 400 7778 7158-07 7 20 01TLC,Unknown,Men's watch/Unisex,39
Oris Big Crown ProPilot 01 115 7759 7153-Set5 22 04TLC,4950,Oris,Big Crown ProPilot,01 115 7759 7153-Set5 22 04TLC,2022 (Approximation),Men's watch/Unisex,44
Richard Mille RM 029 ceramic Japan red limited to 30 pieces,195517,Richard Mille,RM 029,RM029,2016,Men's watch/Unisex,48x39.7
Richard Mille RM 055 Bubba Watson Rm 055,382184,Richard Mille,RM 055,Rm055,2017,Men's watch/Unisex,49.9x42.7
Richard Mille RM 011 AH WG Felipe Massa,258052,Richard Mille,RM 011,RM-011-FM,2016,Men's watch/Unisex,50x40
Richard Mille RM 67 67-02 | Spirit Van Niekerk | 2023 | Neu | Full Set,331683,Richard Mille,RM 67,RM67-02,2023,Men's watch/Unisex,38.7x47.5
Cartier Clé de Cartier WJCL0031,6344,Cartier,Clé de Cartier,WJCL0031,2018,Women's watch,31
Cartier Panthère WSPN0006 Panthere Steel,4372,Cartier,Panthère,WSPN0006,2023 (Approximation),Women's watch,22x30
Cartier Santos Dumont Xl,6262,Cartier,Santos Dumont,WSSA0032,2022 (Approximation),Men's watch/Unisex,46.6x33.9
Cartier Santos Dumont W2SA0017,8781,Cartier,Santos Dumont,W2SA0017,2022 (Approximation),Men's watch/Unisex,46.6x33.9
Richard Mille RM 011 AH WG Felipe Massa,262068,Richard Mille,RM 011,RM-011-FM,2016,Men's watch/Unisex,50x40
Richard Mille RM 011 RM11-03 RG,426845,Richard Mille,RM 011,RM11-03 RG,2018,Men's watch/Unisex,49.94x44.5
Richard Mille RM 055 Bubba Watson Rm 055,382553,Richard Mille,RM 055,Rm055,2017,Men's watch/Unisex,49.9x42.7
Hublot King Power Big Bang King Power 703.OM.1138.NR.FMI11 18k rose gold 48mm dial,14507,Hublot,King Power,703.OM.1138.NR.FMI11,Unknown,Men's watch/Unisex,48
Hublot Big Bang アラームリピーター Gmt ウブロ 腕時計,24331,Hublot,Big Bang,403.QU.0120.VR.YOS,2021,Men's watch/Unisex,45
Hublot Big Bang Sang Bleu （2020fullset）Big Bang Unico Sang Bleu II King Gold White Pave 45 mm,36500,Hublot,Big Bang Sang Bleu,418.OX.2001.RX.MXM20,2020 (Approximation),Men's watch/Unisex,45
Hublot Big Bang Unico Blue 44mm,17075,Hublot,Big Bang Unico,421.NL.5170.RX,2022 (Approximation),Men's watch/Unisex,44
Hublot Big Bang Unico Perpetual Calendar Black Magic Big Bang,30200,Hublot,Big Bang Unico,406.CI.0170.RX,Unknown,Men's watch/Unisex,45
Hublot Spirit of Big Bang White 42mm,21653,Hublot,Spirit of Big Bang,642.HX.0170.RX,2021,Men's watch/Unisex,42
Hublot Big Bang 38 mm Steel Diamonds 38mm (neu),10430,Hublot,Big Bang 38 mm,361.SX.1270.RX.1104,2023 (Approximation),Women's watch,38
Hublot Classic Fusion Racing Grey Chronograph 45mm,10668,Hublot,Classic Fusion Racing Grey,521.NX.7071.LR,2023 (Approximation),Men's watch/Unisex,45
Hublot Classic Fusion Quartz Black Magic Diamonds,8779,Hublot,Classic Fusion Quartz,581.CM.1171.RX.1104,2023,Women's watch,33
Hublot Classic Fusion Black Magic 42mm,8779,Hublot,Classic Fusion,542.CM.1171.RX,2023,Men's watch/Unisex,42
Richard Mille RM 055 Bubba Watson Rm 055,381318,Richard Mille,RM 055,Rm055,2017,Men's watch/Unisex,49.9x42.7
Richard Mille RM 030 18K Rose Gold RM030 - ATS-W007818,235097,Richard Mille,RM 030,RM030,2021,Men's watch/Unisex,42
Richard Mille RM 67 67-02 | Spirit Van Niekerk | 2023 | Neu | Full Set,332394,Richard Mille,RM 67,RM67-02,2023,Men's watch/Unisex,38.7x47.5
IWC Pilot Chronograph Pilot's Watch Chronograph 41 mm,10498,IWC,Pilot Chronograph,IW388104,Unknown,Men's watch/Unisex,41
IWC Da Vinci Automatic 36,5894,IWC,Da Vinci Automatic,IW458308,2018,Women's watch,36
IWC Pilot Blue Angels Pilot's Watch Edition Chronograph,8312,IWC,Pilot,IW389008,2020,Men's watch/Unisex,44.5
IWC Pilot Chronograph Le Petit Prince Chronograph Pilot,6060,IWC,Pilot Chronograph,IW377714,2023,Men's watch/Unisex,43
IWC Pilot Chronograph 2018fullset Pilot Chronograph Edition “150 years”,7500,IWC,Pilot Chronograph,IW377725,2018 (Approximation),Men's watch/Unisex,43
IWC Ingenieur Double Chronograph Titanium 2019 FullSet Ingenieur Double Chronograph Titanium,7999,IWC,Ingenieur Double Chronograph Titanium,IW386503,2019 (Approximation),Men's watch/Unisex,45
IWC Portofino Chronograph IW391008,3418,IWC,Portofino Chronograph,IW391008,Unknown,Men's watch/Unisex,42
IWC Portofino Automatic Pre-Portofino Ref.809A Cal.8541 Date Automatic Service / Warranty,2060,IWC,Portofino Automatic,809A,1963 (Approximation),Men's watch/Unisex,34
IWC Portuguese Minute Repeater IW524202,29908,IWC,Portuguese Minute Repeater,IW524202,Unknown,Men's watch/Unisex,43
IWC Big Pilot Perpetual Calendar Edition Antoine de Saint-Exupéry IW503801,29908,IWC,Big Pilot,IW503801,2016,Men's watch/Unisex,46
Jaeger-LeCoultre Master Ultra Thin Moon 1252520,12640,Jaeger-LeCoultre,Master Ultra Thin Moon,1252520,Unknown,Women's watch,34
Jaeger-LeCoultre Rendez-Vous Day Medium Automatic Blue Dial Rendez-vous Night,14165,Jaeger-LeCoultre,Rendez-Vous,Q3448480,2022,Women's watch,34
Jaeger-LeCoultre Rendez-Vous Moon,30116,Jaeger-LeCoultre,Rendez-Vous,Q3523490,2018 (Approximation),Women's watch,39
Jaeger-LeCoultre Master Grande Tradition Complication | Q5023580,30116,Jaeger-LeCoultre,Master Grande Tradition,Q5023580,2021,Men's watch/Unisex,44
Jaeger-LeCoultre Reverso Classique Classic Monoface,30116,Jaeger-LeCoultre,Reverso Classique,Q2548440,2023,Men's watch/Unisex,40x24
Jaeger-LeCoultre Reverso Duoface Tribute Duoface,30116,Jaeger-LeCoultre,Reverso Duoface,Q3988482,2023,Men's watch/Unisex,47x28.3
Jaeger-LeCoultre Master Ultra Thin Tourbillion 40mm,30116,Jaeger-LeCoultre,Master Ultra Thin Tourbillion,Q1322410,2023,Men's watch/Unisex,40
Jaeger-LeCoultre Duomètre Chronograph 42mm,30116,Jaeger-LeCoultre,Duomètre,Q6012421,2023,Men's watch/Unisex,42
Jaeger-LeCoultre Master Ultra Thin Réserve de Marche Power Reserve 39mm,30116,Jaeger-LeCoultre,Master Ultra Thin Réserve de Marche,Q1372520,2023,Men's watch/Unisex,39
Jaeger-LeCoultre Reverso Duoface Tribute Duoface Calendar,30116,Jaeger-LeCoultre,Reverso Duoface,Q3912530,2023,Men's watch/Unisex,49.4x29.9
Longines DolceVita l5.255.4.71.0,1505,Longines,DolceVita,L5.255.4.71.0,2023,Women's watch,210x320
Longines DolceVita l5.255.0.71.5,3742,Longines,DolceVita,L5.255.0.71.5,2023,Women's watch,210x320
Longines Legend Diver L3.374.4.50.0,2785,Longines,Legend Diver,L33744500,2023,Men's watch/Unisex,36
Longines Column-Wheel Chronograph Heritage Chronograph,2946,Longines,Column-Wheel Chronograph,L47544723,2023,Men's watch/Unisex,41
Longines Heritage Military,3249,Longines,Heritage,L28194932,2023,Men's watch/Unisex,38.5
Longines HydroConquest L37814066,1891,Longines,HydroConquest,L37814066,2023,Men's watch/Unisex,41
Longines Spirit L38114930,2097,Longines,Spirit,L38114930,2023,Men's watch/Unisex,42
Longines Conquest V.H.P. Chronograph L3.717.2.66.6,1582,Longines,Conquest,L37172666,2023,Men's watch/Unisex,42
Longines HydroConquest L38834966,3748,Longines,HydroConquest,L38834966,2023,Men's watch/Unisex,43
Longines Conquest Classic L2.385.4.76.6,1500,Longines,Conquest Classic,L2.385.4.76.6,2021,Women's watch,34
Omega Seamaster Diver 300 M Stahl 41mm Co-Axial Automatik,3761,Omega,Seamaster Diver 300 M,212.30.41.20.01.003,2017 (Approximation),Men's watch/Unisex,41
Omega Seamaster Planet Ocean Stahl 42mm Automatik Fullset,5585,Omega,Seamaster Planet Ocean,22015000,2010,Men's watch/Unisex,42
Omega Globemaster constellation globemaster co‑axial master chronometer annual calendar 41 mm 130.33.41.22.10.001,8914,Omega,Globemaster,130.33.41.22.10.001,2023,Men's watch/Unisex,41
Omega Seamaster Aqua Terra 6000m co‑axial master chronometer 45.5 mm 215.30.46.21.06.001,11647,Omega,Seamaster Aqua Terra,215.30.46.21.06.001,2023,Men's watch/Unisex,45.5
Omega De Ville Trésor Quartz 39mm,11230,Omega,De Ville Trésor,428.58.39.60.02.001,2023,Women's watch,39
Omega Seamaster Aqua Terra 150M 38mm,12621,Omega,Seamaster Aqua Terra,220.15.38.20.57.001,2023,Women's watch,38
Omega Constellation Quartz 25mm,18002,Omega,Constellation Quartz,131.50.25.60.53.002,2023,Women's watch,25
Omega Constellation 29mm,24501,Omega,Constellation,131.50.29.20.53.003,2023,Women's watch,29
Omega Seamaster Diver 300 M 212.30.44.50.01.002,3312,Omega,Seamaster Diver 300 M,212.30.44.50.01.002,Unknown,Men's watch/Unisex,44
Omega Constellation 131.23.39.20.02.001,5425,Omega,Constellation,131.23.39.20.02.001,2021,Men's watch/Unisex,39
Tudor Black Bay Fifty-Eight 79030B,3078,Tudor,Black Bay Fifty-Eight,79030B,2021,Men's watch/Unisex,39
Panerai Radiomir Chronograph PAM 00369,4372,Panerai,Radiomir Chronograph,PAM 00369,2020,Men's watch/Unisex,42
Panerai Luminor Base 8 Days Pam00561,5852,Panerai,Luminor Base 8 Days,PAM 00561,2023,Men's watch/Unisex,44
Panerai Luminor Marina Blu Profondo 44 Mm Luminor Marina Pam01157,8483,Panerai,Luminor Marina,PAM 01157,2022 (Approximation),Men's watch/Unisex,44
Panerai Radiomir Pam00753,3286,Panerai,Radiomir,PAM 00753,Unknown,Men's watch/Unisex,45
Panerai Luminor Due PAM01274,7171,Panerai,Luminor Due,PAM01274,2023,Men's watch/Unisex,42
Panerai Radiomir Quaranta Goldtech,17928,Panerai,Radiomir,PAM01026,2023,Men's watch/Unisex,40
Panerai Radiomir Chronograph Split-Seconds - Ltd Edition - PAM 147,17928,Panerai,Radiomir Chronograph,PAM 00147,Unknown,Men's watch/Unisex,42
Panerai Luminor California 8 Days DLC | PAM779,6345,Panerai,Luminor,PAM 00779,2019,Men's watch/Unisex,44
Panerai Luminor Submersible Bronzo 47mm,6345,Panerai,Luminor Submersible,PAM00968,2023,Men's watch/Unisex,47
Panerai Luminor Submersible QuarantaQuattro Carbotech Blu Abisso 44mm,6345,Panerai,Luminor Submersible,PAM 01232,2023,Men's watch/Unisex,44
Patek Philippe Nautilus 7011/1G-010,39174,Patek Philippe,Nautilus,7011/1G-010,2017,Women's watch,32
Patek Philippe Annual Calendar Diamond Watch Box/papers 4936g Complications,31751,Patek Philippe,Annual Calendar,4936G-001,2014,Women's watch,37
Patek Philippe World Time 18K White Gold 5130G,27268,Patek Philippe,World Time,5130G-001,Unknown,Men's watch/Unisex,39.5
Patek Philippe Celestial Grand,27268,Patek Philippe,Celestial,6102P-001,2014,Men's watch/Unisex,44
Patek Philippe Nautilus Tiffany,27268,Patek Philippe,Nautilus,5711/1A-018,2023,Men's watch/Unisex,40
Patek Philippe Nautilus 5711/1A-018,27268,Patek Philippe,Nautilus,5711/1A-018,2021,Men's watch/Unisex,40
Patek Philippe Perpetual Calendar Chronograph 5204/1R-001,27268,Patek Philippe,Perpetual Calendar Chronograph,5204/1R-001,Unknown,Men's watch/Unisex,40.2
Patek Philippe Nautilus Full Rose Gold 5711/1r,27268,Patek Philippe,Nautilus,5711/1R-001,Unknown,Men's watch/Unisex,40
Patek Philippe Nautilus 5711/1R-001,185592,Patek Philippe,Nautilus,5711/1R-001,2021,Men's watch/Unisex,40
Patek Philippe Aquanaut 5968A-001,135625,Patek Philippe,Aquanaut,5968A-001,2022,Men's watch/Unisex,42.2
Seiko Chronograph Pilot's Flight SNA411P1-var-NATO1 Quartz Chronograph 200M Men's Watch,425,Seiko,Chronograph,SNA411P1,Unknown,Men's watch/Unisex,46
Seiko Prospex Sea Stainless Steel Automatic 42.7 mm,1426,Seiko,Prospex,SPB237J1,Unknown,Men's watch/Unisex,42.7
Seiko Astron GPS Solar Dual Time Limited Edition 42.7 mm,2220,Seiko,Astron GPS Solar,SSH045J1,Unknown,Men's watch/Unisex,42.7
Seiko Astron GPS Solar Dual Time Limited Edition 42.7 mm,2438,Seiko,Astron GPS Solar,SSH093J1,Unknown,Men's watch/Unisex,42.7
Seiko Astron GPS Solar SSE170J1,2576,Seiko,Astron GPS Solar,SSE170J1,Unknown,Men's watch/Unisex,46.7x51.4
Seiko Astron Limited Edition 42.8 mm,3220,Seiko,Astron,SSH071J1,Unknown,Men's watch/Unisex,42.8
Seiko Prospex Japan Edition Prospex Mini Turtle Automatic SBDY087 Made in Japan,3220,Seiko,Prospex,SBDY087,Unknown,Men's watch/Unisex,42x40
Seiko Presage International Edition Presage Automatic Snowflake SSA385J1,1099,Seiko,Presage,SSA385J1,Unknown,Men's watch/Unisex,47.5x40.5
Seiko Prospex International Edition Prospex Baby Tuna Automatic PENGUIN SRPG59K1 Special Edition,699,Seiko,Prospex,SRPG59K1,Unknown,Men's watch/Unisex,45
Seiko Prospex International Edition Prospex Monster Automatic PENGUIN SRPG57K1 Special Edition,699,Seiko,Prospex,SRPG57K1,Unknown,Men's watch/Unisex,45
"Sinn 556 Aquamarinblau 38,5mm Limitiert auf 400stk",2016,Sinn,556,556.0115,2022,Men's watch/Unisex,"38,5"
Sinn 103 St Klassik C Limited Edition - 200 Pieces,5095,Sinn,103,103.201,2023,Men's watch/Unisex,41
Sinn 142 Lemania 5100,4280,Sinn,142,142,2003,Men's watch/Unisex,44
Sinn 903 24 HD ST Navigationschronograph Lemania Vintage,4393,Sinn,903,903,1995,Men's watch/Unisex,41
Sinn 556 556.m,1971,Sinn,556,556.M,2022,Men's watch/Unisex,38.5
Sinn 556 Carnelian Red Limited 400 pieces,1971,Sinn,556,556,2022,Men's watch/Unisex,38.5
Sinn 556 556.i.b.m,2190,Sinn,556,556,2022,Men's watch/Unisex,38.5
Sinn 104 104.St.Sa,2263,Sinn,104,104.ST.SA,2022,Men's watch/Unisex,41
Sinn 356 356.Euro Flieger.iii Limited edition of 100 pieces,2921,Sinn,356,356,2023,Men's watch/Unisex,38.5
Sinn 356 Flieger,2994,Sinn,356,356,2023,Men's watch/Unisex,38.5
Edox Class-1 10020 3 NIN,1161,Edox,Class-1,10020 3 NIN,2017 (Approximation),Men's watch/Unisex,46
NOMOS Club Neomatik 781,3058,NOMOS,Club Neomatik,781,2023,Men's watch/Unisex,42
Hamilton Jazzmaster Viewmatic H32445585 - American Classic Automatic Black Dial Stainless Steel Men's Watch,1030,Hamilton,Jazzmaster Viewmatic,H32445585,Unknown,Men's watch/Unisex,37
Meistersinger Neo Automatikuhr NE911D,1299,Meistersinger,Neo,NE911D,Unknown,Men's watch/Unisex,36
NOMOS Tangente Neomatik Sport Neomatik 42,3943,NOMOS,Tangente Neomatik,581,2023,Men's watch/Unisex,42
Rado HyperChrome automatic r32254202,2641,Rado,HyperChrome,R32254202,2023,Men's watch/Unisex,42
TAG Heuer Monza Calibre 36 Re Edition Limited 1911 pieces,5246,TAG Heuer,Monza,CR5112,2012,Men's watch/Unisex,38
Ebel Wave 1216217,1618,Ebel,Wave,1216217,2022,Women's watch,30
A. Lange & Söhne Zeitwerk 140.032,66439,A. Lange & Söhne,Zeitwerk,140.032,2015,Men's watch/Unisex,41.9
A. Lange & Söhne Saxonia Automatic 18K Rose Gold 40.6MM Perfect Condition,18000,A. Lange & Söhne,Saxonia,307.032,Unknown,Men's watch/Unisex,40.6
A. Lange & Söhne 1815 small seconds 18k white gold,19312,A. Lange & Söhne,1815,233.026,Unknown,Men's watch/Unisex,40
A. Lange & Söhne 1815 Annual Calendar 2021,42418,A. Lange & Söhne,1815,238.032,2021 (Approximation),Men's watch/Unisex,40
A. Lange & Söhne 1815 up down 234.026,26757,A. Lange & Söhne,1815,234.026,2017 (Approximation),Men's watch/Unisex,39
A. Lange & Söhne Lange 1 18K white gold fullset 2022,32642,A. Lange & Söhne,Lange 1,191.039,2022 (Approximation),Men's watch/Unisex,38.5
A. Lange & Söhne Saxonia 380.032,16243,A. Lange & Söhne,Saxonia,380.032,2012 (Approximation),Men's watch/Unisex,38.5
A. Lange & Söhne Saxonia Moon Phase,24227,A. Lange & Söhne,Saxonia,384.032,2018 (Approximation),Men's watch/Unisex,40
A. Lange & Söhne Lange 1 109.032,34203,A. Lange & Söhne,Lange 1,109.032,2012 (Approximation),Men's watch/Unisex,38.5
A. Lange & Söhne 1815 Rattrapante Perpetual Calendar in Platinum 421.025,34203,A. Lange & Söhne,1815,421.025,2016,Men's watch/Unisex,42
TAG Heuer Aquaracer Lady Ladies WBD2320.BA0740 Aquaracer,2414,TAG Heuer,Aquaracer Lady,WBD2320.BA0740,2021,Women's watch,32
TAG Heuer Aquaracer WBP1112.FT6199,3208,TAG Heuer,Aquaracer,WBP1112.FT6199,2023,Men's watch/Unisex,40
TAG Heuer Carrera Calibre HEUER 01 CAR201Z.FT6046,5152,TAG Heuer,Carrera Calibre HEUER 01,CAR201Z.FT6046,2023,Men's watch/Unisex,43
TAG Heuer Aquaracer WBP1180.BF0000,3058,TAG Heuer,Aquaracer,WBP1180.BF0000,2023,Men's watch/Unisex,40
TAG Heuer Carrera Chrono 44mm,5842,TAG Heuer,Carrera,CBN2A1A.FC6537,2023,Men's watch/Unisex,44
TAG Heuer Link CBC2110.BA0603,4243,TAG Heuer,Link,CBC2110.BA0603,2023,Men's watch/Unisex,41
TAG Heuer Carrera Lady WBK1318.FC8258,2598,TAG Heuer,Carrera Lady,WBK1318.FC8258,2023,Men's watch/Unisex,36
TAG Heuer Formula 1 Quartz CAZ101AK.BA0842,1977,TAG Heuer,Formula 1 Quartz,CAZ101AK.BA0842,2023,Men's watch/Unisex,43
TAG Heuer Aquaracer Lady WBD1322.BB0320,3116,TAG Heuer,Aquaracer Lady,WBD1322.BB0320,2023,Women's watch,32
Vacheron Constantin Patrimony 2021 Patrimony 18k Pink Gold Blue Dail81180/000R-B518,16000,Vacheron Constantin,Patrimony,81180/000R-B518,2021 (Approximation),Men's watch/Unisex,40
Vacheron Constantin Patrimony Traditionnelle manual winding,14132,Vacheron Constantin,Patrimony,82172/000G-9383,Unknown,Men's watch/Unisex,38
Vacheron Constantin Patrimony Platinum 2019FullSet 1110U/000P-B087 42mm,18000,Vacheron Constantin,Patrimony,1110U/000P-B087,2019 (Approximation),Men's watch/Unisex,42
Vacheron Constantin Patrimony Traditionnelle 2021 rose gold,15641,Vacheron Constantin,Patrimony,82172/000R-9382,2021 (Approximation),Men's watch/Unisex,38
Vacheron Constantin Fiftysix 2019 Fiftysix Complete Calender 4000E/000A-B439 Box/Papers,20500,Vacheron Constantin,Fiftysix,4000E/000A-B439,2019 (Approximation),Men's watch/Unisex,40
Vacheron Constantin Overseas Chronograph 49150/B01A-9097,21227,Vacheron Constantin,Overseas Chronograph,49150/B01A-9097,Unknown,Men's watch/Unisex,42
Vacheron Constantin Overseas 2020 fullset Blue Dial,33009,Vacheron Constantin,Overseas,4500V/110A-B128,2020 (Approximation),Men's watch/Unisex,41
Vacheron Constantin Overseas 4500V/110A-B128 Complete set of accessories 2019,27003,Vacheron Constantin,Overseas,4500V/110A-B128,2019,Men's watch/Unisex,41
Vacheron Constantin Patrimony 85180/000R-B515,21545,Vacheron Constantin,Patrimony,85180/000R-B515,Unknown,Men's watch/Unisex,40
Vacheron Constantin Overseas 4500V/110A-B126,19505,Vacheron Constantin,Overseas,4500V/110A-B126,Unknown,Men's watch/Unisex,41
Zenith Defy Skyline Dial,8720,Zenith,Defy Skyline,03.9300.3620/21.I001,2022 (Approximation),Men's watch/Unisex,41
Zenith El Primero Chronomaster Revival A384 37mm,8720,Zenith,El Primero Chronomaster,03.A384.400/21.C815,2023,Men's watch/Unisex,37
Zenith El Primero Chronomaster Revival El Primero A385 37mm,8720,Zenith,El Primero Chronomaster,03.A384.400/385.C855,2023,Men's watch/Unisex,37
Zenith Elite Classic 40.5mn,5233,Zenith,Elite,03.3100.670/02.C922,2023,Men's watch/Unisex,40.5
Zenith El Primero Chronograph 22.2151.400,14900,Zenith,El Primero Chronograph,22.2151.400/81.C709,Unknown,Men's watch/Unisex,38
Zenith Defy Revival A3691 37mm,6671,Zenith,Defy,03.A3642.670/3691.M3642,2023,Men's watch/Unisex,37
Zenith El Primero Chronomaster Range Rover 42mm,7119,Zenith,El Primero Chronomaster,24.2040.400/27.R797,2023,Men's watch/Unisex,42
Zenith Star Elite Heritage Star 37mm,7234,Zenith,Star,16.1925.692/01.C725,2023,Men's watch/Unisex,37
Zenith Defy Revival Shadow 37mm,7499,Zenith,Defy,97.A3642.670/21.M3642,2023,Men's watch/Unisex,37
Zenith El Primero Chronomaster Revival A384 37mm,7695,Zenith,El Primero Chronomaster,03.A384.400/21.M384,2023,Men's watch/Unisex,37
